Position,Month,Temp (°C),DO (mg/L),FCH₄ nmol/(m⁻²·s⁻¹),FCO₂ nmol/(m⁻²·s⁻¹),Chl a (μg/L),NO₃-N (mg/L),NO₂-N (mg/L),PO₄-P (mg/L),TN (mg/L),TP (mg/L),DOC (ppm),DIC (ppm)
1,2023-09-01,26.3,3.25,3.74642201178351,124.568531891802,3.27933333333333,0.0566569484936831,0.00965481886534518,0.0285437832607644,0.393074403369209,0.443121995880064,4.681,14.4367
2,2023-09-01,27.9,5.86,124.83811125347,471.403614136238,15.7373333333333,0.0673469387755101,0.0258885850991114,0.0358006773101113,0.318203088441741,0.209658960860609,4.793,13.8005
3,2023-09-01,27.5,6.78,23.321679515811,801.332908163265,16.8293333333333,0.0780369290573374,0.0113636363636364,0.0382196419932269,0.280767430978006,0.314946211947814,4.539,13.9995
4,2023-09-01,30.9,12.03,2.76730654027768,-143.899940094439,15.878,0.0566569484936831,0.0105092276144908,0.0285437832607644,0.233972859148339,0.255436026550698,3.769,9.8721
5,2023-09-01,25.7,3.85,103.233451444824,-138.8959164894,13.3746666666667,0.206316812439261,0.0737354750512645,0.0285437832607644,1.03883949461862,0.397344930189975,2.88,11.9341
6,2023-09-01,28.8,11.81,9.28850862252502,-267.50904832872,31.8346666666667,0.147521865889213,0.0797163362952837,0.0261248185776488,0.898455779129621,0.346990157930877,8.163,11.1167
7,2023-09-01,28.8,9.58,14.86161379604,-195.987531935278,14.786,0.24907677356657,0.0532296650717703,0.0285437832607644,1.00140383715489,0.365300984206912,2.163,13.7297
8,2023-09-01,28.6,11.76,8.36519854420642,-324.383810214227,30.476,0.142176870748299,0.0600649350649351,0.0261248185776488,1.02012166588676,0.346990157930877,3.96,11.1842
9,2023-09-01,29.3,5.93,27.8194595328626,-472.003496740902,2.50333333333333,0.0459669582118563,0.0130724538619275,0.0478955007256894,0.177819372952737,0.360723277637903,3.565,9.2221
10,2023-09-01,29.6,7.5,2.77918927686682,-415.025598678778,4.622,0.0406219630709426,0.0105092276144908,0.0382196419932269,0.383715489003276,0.488899061570153,3.956,8.5071
11,2023-09-01,29.7,6.81,2.77827159838675,-320.427324347272,1.48,0.0352769679300292,0.0113636363636364,0.0430575713594582,0.233972859148339,0.0494392309452964,3.035,9.5184
12,2023-09-01,29.5,3.88,7.41362016473532,-485.592120790163,5.082,0.0726919339164238,0.0156356801093643,0.0406386066763425,0.233972859148339,0.0631723506523232,3.197,8.1574
13,2023-09-02,29.4,6.61,14.8321410864792,-38.9343703520079,25.5886666666667,0.152866861030126,0.0438311688311688,0.0285437832607644,0.598970519419747,,,10.7248
14,2023-09-02,29.1,6.43,22.2702942219071,-32.4775124069479,25.6573333333333,0.115451895043732,0.0446855775803144,0.0285437832607644,0.739354234908751,,,9.3242
15,2023-09-02,28.9,5.57,31.57047378627,-27.85630039965,16.266,0.259766763848396,0.0540840738209159,0.0285437832607644,0.673841834347216,,,9.6104
16,2023-09-02,28.9,5.42,12.99960685317,135.56732861163,16.2726666666667,0.115451895043732,0.131835269993165,0.03096274794388,0.673841834347216,,,9.9832
1,2023-09-07,28.5,4.28,11.1572955885487,581.109145236911,6.24266666666667,0.0352769679300291,0.00965481886534518,0.0285437832607644,0.383715489003276,0.562142366674296,4.409,10.6169
2,2023-09-07,28.5,5.82,8.36797169141152,185.954926475812,6.49,0.0245869776482021,0.0113636363636364,0.03096274794388,0.280767430978006,0.539253833829252,4.207,12.796
3,2023-09-07,28.7,5.75,34.378867519345,584.440747828865,4.622,0.0513119533527696,0.0164900888585099,0.0382196419932269,0.327562002807674,0.223392080567636,4.593,11.2472
4,2023-09-07,30.3,11.36,4.62129704823106,-152.502802591625,0.0,0.0513119533527698,0.0669002050580998,0.0261248185776488,0.262049602246139,0.433966582742046,4.578,8.7847
5,2023-09-07,29.6,8.64,20.38072136369,327.017938244662,12.032,0.115451895043732,0.0651913875598086,0.0285437832607644,0.842302292934019,0.58960860608835,3.97,8.601
6,2023-09-07,30.2,7.55,12.9438973133344,40.6808201276225,19.2293333333333,0.28114674441205,0.0472488038277512,0.03096274794388,1.07627515208236,0.626230258640421,3.73,9.8012
7,2023-09-07,29.4,4.35,12.9781234506693,-93.6278906084001,14.01,0.26511175898931,0.0506664388243336,0.0285437832607644,1.05755732335049,0.50263218127718,3.846,9.899
8,2023-09-07,30.2,10.39,12.9438973133344,-274.595535861452,2.572,0.831681243926142,0.0446855775803144,0.0285437832607644,1.32896583996256,0.438544289311055,3.636,9.9335
9,2023-09-07,31.6,10.34,4.60158355795148,-365.365734501348,0.384666666666669,0.0833819241982508,0.00880041011619959,0.0333817126269956,0.299485259709874,0.4614328221561,4.425,7.5984
10,2023-09-07,31.8,11.34,4.59856563136814,-417.549759328227,1.94866666666667,0.0887269193391642,0.00880041011619959,0.0382196419932269,0.224613944782405,0.493476768139162,4.612,7.4559
11,2023-09-07,32.3,12.1,4.87677544974313,-341.573235039637,1.796,0.0620019436345966,0.012218045112782,0.0382196419932269,0.318203088441741,0.607919432364385,4.314,7.0566
12,2023-09-07,33.0,15.03,4.58054087632113,-509.35614544691,1.47666666666667,0.0138969873663751,0.012218045112782,0.0358006773101113,0.439868975198877,0.488899061570153,4.348,6.1123
13,2023-09-07,31.8,9.31,7.91495678448,-49.6645088187759,11.6406666666667,0.0459669582118562,,0.0261248185776488,0.533458118858212,0.54383154039826,,7.1373
14,2023-09-07,31.8,9.43,7.214268147003,-137.037255814771,7.33466666666667,0.0940719144800778,,0.0285437832607644,0.776789892372485,0.466010528725109,,9.8201
15,2023-09-07,31.8,9.66,8.27741813646265,-96.569878258731,8.11066666666667,0.147521865889213,,0.03096274794388,0.84230229293402,0.406500343327993,,9.2365
16,2023-09-07,31.4,6.49,11.9719741656308,-62.6226340971457,13.512,0.152866861030126,,0.0285437832607644,0.926532522227422,0.516365300984207,,9.5818
1,2023-09-15,24.6,8.21,3.73726636441355,364.383470530321,,,,,,,,
2,2023-09-15,24.7,6.99,1.86084670847579,241.910072101852,,,,,,,,
3,2023-09-15,24.6,8.68,0.9279289115858,177.234422112888,,,,,,,,
4,2023-09-15,24.5,9.37,1.85445959836441,127.030482487962,,,,,,,,
5,2023-09-15,26.4,6.84,4.68146416052651,653.5323968095,13.42073376,0.91156462585034,0.0186356938545549,0.02,1.35704258306036,0.0402838178072785,1.887,11.4922
6,2023-09-15,26.1,5.34,8.43508324382385,286.792830290011,7.0261752,0.999028182701652,0.0550403051053133,0.024,1.46934955545157,0.0494392309452964,2.195,11.121
7,2023-09-15,25.7,5.02,6.56940145557972,561.214581490954,7.0261752,0.940719144800778,0.0576406344803675,0.028,1.02948058025269,0.0402838178072785,2.549,12.0476
8,2023-09-15,25.3,4.6,0.939743735490511,829.793718438121,10.05243584,0.999028182701652,0.045505764063448,0.029,1.4506317267197,0.0494392309452964,3.843,13.3061
9,2023-09-15,25.6,4.93,1.85474370842201,-386.714063205989,,,,,,,,
10,2023-09-15,25.4,5.63,3.709603759666,-319.953324271193,,,,,,,,
11,2023-09-15,25.4,6.65,0.926959105624606,-383.761069728587,,,,,,,,
12,2023-09-15,25.6,6.71,0.926944653319695,-241.005609863121,,,,,,,,
13,2023-09-15,,,,,,,,,,,,
14,2023-09-15,,,,,,,,,,,,
15,2023-09-15,,,,,,,,,,,,
16,2023-09-15,,,,,,,,,,,,
1,2023-09-21,24.3,3.25,6.60032148260212,732.635684568835,11.34247264,0.0126336248785228,0.00880041011619959,0.033,0.458586803930744,0.0585946440833143,5.663,18.7762
2,2023-09-21,24.5,3.97,1.88453900794317,772.660993256702,3.45431184,0.0417881438289601,0.007946001367054,0.044,0.308844174075807,0.0402838178072785,5.537,18.1725
3,2023-09-21,23.7,2.94,10.3928977477803,736.006122320075,3.01522592,0.0126336248785228,0.00965481886534518,0.168,0.467945718296678,0.0906385900663767,5.342,17.7087
4,2023-09-21,23.7,4.87,3.77923554464737,243.760692629755,4.95974928,0.0369290573372206,0.007946001367054,0.051,0.308844174075807,0.0540169375143053,5.906,17.1524
5,2023-09-21,25.7,5.5,5.63091553335405,727.326589724898,14.1095424,1.22740524781341,0.0566473000683527,0.066,1.60973327094057,0.072327763790341,3.775,16.0749
6,2023-09-21,25.7,6.72,7.5078873778054,728.265075647124,10.22049568,1.31000971817298,0.064336978810663,0.04,1.60973327094057,0.0585946440833143,3.406,16.3796
7,2023-09-21,25.6,5.98,7.51040047818291,889.043656604901,8.28188992,1.25655976676385,0.068609022556391,0.061,1.5629386991109,0.0585946440833143,3.844,16.1521
8,2023-09-21,25.3,4.94,3.75897494196204,607.07445312687,14.22552736,1.07191448007775,0.0762987012987013,0.055,1.48806738418344,0.0631723506523232,3.888,16.1007
9,2023-09-21,23.8,7.55,1.88898143025521,-151.118514420417,7.70906624,0.172983479105928,0.00965481886534518,0.036,0.243331773514272,0.0402838178072785,5.447,12.2623
10,2023-09-21,25.6,7.12,2.81640017931859,-208.413613269576,10.22049568,0.26044703595724,0.0105092276144908,0.077,0.327562002807674,0.0540169375143053,5.46,12.5747
11,2023-09-21,25.7,7.48,3.7539436889027,-190.512642211812,15.979504,0.0709426627793976,0.00965481886534518,0.037,0.29012634534394,0.0540169375143053,5.296,11.9714
12,2023-09-21,25.7,11.03,1.87697184445135,-341.608875690146,9.53168704,0.129251700680272,0.00880041011619959,0.037,0.29012634534394,0.0448615243762875,5.281,11.5278
13,2023-09-21,25.0,4.2,19.75447551568,1227.59954990297,25.4417464,0.483965014577259,0.0489576213260424,0.073,1.03883949461862,0.072327763790341,5.593,13.9606
14,2023-09-21,25.7,4.25,16.8927466000621,1066.12000764837,30.7024928,0.493683187560739,0.049812030075188,0.047,1.04819840898456,0.0677500572213321,4.875,14.0434
15,2023-09-21,25.7,3.63,25.3391199000932,2453.20220069791,31.95820752,0.449951409135083,0.0463943950786056,0.044,1.02948058025269,0.0677500572213321,4.878,14.0522
16,2023-09-21,25.7,4.8,16.8927466000621,1076.44335279285,27.2584496,0.469387755102041,0.0942412850307587,0.025,1.04819840898456,0.0631723506523232,5.157,14.0119
1,2023-09-28,24.4,3.3,3.77034471997504,461.867228196942,7.58716368,0.0320699708454811,0.00130016468752709,0.022,0.121665886757136,0.0265506981002518,4.347,13.305
2,2023-09-28,24.6,4.0,3.76781216264844,211.939434148974,4.26502304,0.066083576287658,0.00130016468752709,0.021,0.149742629854937,0.0357061112382696,5.234,15.5145
3,2023-09-28,23.8,3.0,7.55592572102085,92.5600900825055,3.01522592,0.0126336248785228,0.00130016468752709,0.025,0.411792232101076,0.0494392309452964,4.853,15.1689
4,2023-09-28,23.8,4.9,1.88898143025521,-249.345548793688,4.95383168,0.0806608357628766,0.00130016468752709,0.021,0.346279831539541,0.0631723506523232,4.529,10.9927
5,2023-09-28,25.8,5.55,4.6908599741954,643.585988459609,34.59153952,0.775510204081632,0.0108347057293924,0.02,1.5348619560131,0.0494392309452964,3.178,10.7461
6,2023-09-28,25.8,6.75,4.6908599741954,451.260729517597,33.21392224,0.843537414965986,0.0377047759382855,0.017,1.41319606925597,0.0540169375143053,3.84,13.7159
7,2023-09-28,25.7,6.0,6.56940145557972,335.039474234566,20.1750824,0.702623906705539,0.0420386582300425,0.017,1.38511932615817,0.0265506981002518,4.191,17.3697
8,2023-09-28,25.4,5.0,5.63657379716248,232.038954649855,45.6799384,0.527696793002915,0.0203692467712577,0.016,1.06691623771642,0.0540169375143053,2.494,8.3137
9,2023-09-28,23.9,7.6,2.83251827494169,-342.734711267944,4.26502304,0.0126336248785228,0.00130016468752709,0.017,0.224613944782405,0.0265506981002518,5.724,13.2826
10,2023-09-28,25.7,7.15,1.87697184445135,-291.869121812185,3.13712848,0.0126336248785228,0.00130016468752709,0.017,0.196537201684605,0.0265506981002518,6.433,12.6129
11,2023-09-28,25.8,7.5,1.87634398967816,-341.494606121425,4.3869256,0.0515063168124394,0.00130016468752709,0.016,0.29012634534394,0.0311284046692607,5.141,9.6596
12,2023-09-28,25.8,11.05,3.75268797935632,-622.00803257831,4.95383168,0.0466472303206998,0.00130016468752709,0.018,0.252690687880206,0.0402838178072785,4.4,6.0334
13,2023-09-28,25.1,4.25,14.1056086097473,1069.20513261885,32.64701616,0.47424684159378,0.0550403051053133,0.016,1.23537669630323,0.0494392309452964,3.136,11.6361
14,2023-09-28,25.8,4.3,12.196235932908,606.997280660884,44.43014128,0.309037900874636,0.0333708936465286,0.016,1.13242863827796,0.0494392309452964,3.987,11.1715
15,2023-09-28,25.8,3.65,14.0725799225862,687.680072217045,47.74636432,0.338192419825073,0.025569905521366,0.014,1.23537669630323,0.0585946440833143,3.528,10.0781
16,2023-09-28,25.8,4.85,15.0107519174253,363.072562002724,41.2358208,0.658892128279883,0.089711363439369,0.016,1.21665886757136,0.072327763790341,3.732,10.3117
1,2023-10-06,22.6,5.59,5.6899378094433,740.64023819587,8.40379248,0.79980563654033,0.014301811562798,0.014,1.11371080954609,0.0311284046692607,2.409,15.8758
2,2023-10-06,22.2,9.69,1.89921461220344,,3.70403456,0.0126336248785228,0.00563404697928404,0.013,0.168460458586804,0.0357061112382696,2.385,9.9408
3,2023-10-06,21.7,5.37,12.3658291746409,344.340781632307,3.00930832,0.0126336248785228,0.00563404697928404,0.014,0.196537201684605,0.0540169375143053,2.52,11.3627
4,2023-10-06,22.5,12.94,1.8972874537943,-187.831457925636,4.3928432,0.0126336248785228,0.00130016468752709,0.013,0.0842302292934019,0.0402838178072785,2.263,10.3056
5,2023-10-06,23.0,5.9,5.68225259882781,213.084472456043,20.74790608,0.702623906705539,0.025569905521366,0.013,1.01076275152082,0.0494392309452964,2.727,11.3421
6,2023-10-06,22.9,8.3,4.7368099621203,-56.8417195454436,36.66388304,0.532555879494655,0.0394383288549883,0.013,0.963968179691156,0.072327763790341,2.995,12.3357
7,2023-10-06,23.0,10.35,7.57633679843709,-171.414620064639,3.70403456,0.513119533527697,0.0108347057293924,0.014,0.776789892372485,0.0677500572213321,3.033,11.0307
8,2023-10-06,23.0,8.12,8.52337889824172,134.479978172258,34.26843856,0.547133138969874,0.0221027996879605,0.013,1.02948058025269,0.0631723506523232,2.899,12.5574
9,2023-10-06,23.3,11.17,2.83825115051924,-349.104891513867,3.70403456,0.0126336248785228,0.00130016468752709,0.013,0.205896116050538,0.0402838178072785,3.521,7.4695
10,2023-10-06,23.4,11.53,2.83729406026447,-250.627641990028,3.69811696,0.0126336248785228,0.00130016468752709,0.012,0.224613944782405,0.0677500572213321,3.306,6.9115
11,2023-10-06,23.6,11.79,0.945127271633169,-415.855999518594,6.33144896,0.0126336248785228,0.00216694114587848,0.016,0.224613944782405,0.0631723506523232,3.548,7.5618
12,2023-10-06,24.1,16.69,3.77414994593296,-544.421129700829,5.64264032,0.0466472303206998,0.00130016468752709,0.01,0.233972859148339,0.0585946440833143,3.164,7.0249
13,2023-10-06,22.5,5.99,6.64050608828006,408.865446292672,20.181,0.47910592808552,0.0160353644795007,0.01,0.982686008423023,0.0997940032043946,2.769,11.1242
14,2023-10-06,22.5,5.36,8.53779354207436,254.236518808437,25.4417464,0.289601554907677,0.0212360232296091,0.01,0.907814693495555,0.11810482948043,2.77,11.0464
15,2023-10-06,22.5,5.89,16.1269433572516,410.762733746467,28.76388704,0.401360544217687,0.0446389876050967,0.009,0.907814693495555,0.0448615243762875,2.811,11.9063
16,2023-10-06,22.4,5.8,10.4386117287382,323.596963590884,22.12552336,0.401360544217687,0.0515731992719078,0.008,0.861020121665887,0.0631723506523232,3.106,11.8839
1,2023-10-12,22.1,5.5,11.399147211806,1076.44335279285,,1.282,0.015,0.001,1.705,0.037,2.348,17.5588
2,2023-10-12,21.7,9.6,2.85365288645558,534.584307396013,,0.577,0.013,0.001,0.925,0.026,2.289,12.9422
3,2023-10-12,21.2,5.25,1.90566684462132,384.944702613507,,0.637,0.017,0.001,1.134,0.024,1.087,8.148
4,2023-10-12,22.0,12.85,2.85075234142446,142.537617071223,,0.011,0.0,0.001,0.258,0.027,2.315,10.2016
5,2023-10-12,22.5,5.8,6.64050608828006,517.010831158948,,0.636,0.02,0.001,1.318,0.046,2.527,11.0014
6,2023-10-12,22.4,8.2,7.5917176209005,47.4482351306281,,1.608,0.043,0.001,1.673,0.043,2.712,12.3267
7,2023-10-12,22.5,10.3,5.69186236138291,68.3023483365949,,1.04,0.038,0.001,1.652,0.048,3.256,11.3153
8,2023-10-12,22.5,8.05,5.69186236138291,-103.40216623179,,0.965,0.039,0.001,1.62,0.096,3.235,12.9212
9,2023-10-12,22.8,11.1,2.84304630367099,-407.503303526175,,0.019,0.003,0.001,0.375,0.033,3.322,7.3515
10,2023-10-12,22.9,11.45,1.89472398484812,-399.786760802953,,0.025,0.001,0.001,0.362,0.027,2.668,6.2385
11,2023-10-12,23.1,11.7,2.84016726943942,-219.639602169982,,0.049,0.003,0.001,0.427,0.026,1.666,8.5187
12,2023-10-12,23.6,16.6,3.78050908653268,-401.679090444097,,0.073,0.006,0.001,0.459,0.031,3.425,7.5824
13,2023-10-12,22.0,5.9,10.452758585223,110.229090535079,,0.747,0.044,0.001,1.429,0.089,3.735,11.6391
14,2023-10-12,22.0,5.27,9.50250780474819,137.786363168849,,0.583,0.033,0.001,1.167,0.058,3.689,13.9992
15,2023-10-12,22.0,5.8,14.2537617071223,136.836112388374,,0.483,0.032,0.001,1.158,0.055,3.268,10.2054
16,2023-10-12,21.9,5.71,7.60458275837025,117.871032754739,,0.448,0.029,0.001,1.141,0.056,3.446,11.0475
1,2023-10-28,20.5,5.43,7.64083821848167,1536.76358669213,12.16501904,0.957,0.012,0.001,1.448,0.029,1.624,13.4876
2,2023-10-28,20.1,7.91,0.95640756302521,503.070378151261,11.4762104,0.726,0.01,0.001,1.13,0.02,1.71,13.3591
3,2023-10-28,20.0,7.64,0.956733814965522,517.592993896348,29.22072576,0.661,0.01,0.001,1.097,0.028,2.285,11.6923
4,2023-10-28,20.1,7.53,0.95640756302521,440.903886554622,10.22641328,0.49,0.008,0.001,0.827,0.023,3.29,4.851
5,2023-10-28,21.2,6.61,8.57550080079594,224.868687665316,34.84717984,0.467,0.023,0.001,1.144,0.047,2.766,13.8761
6,2023-10-28,21.2,6.11,8.57550080079594,349.689865988012,34.85309744,0.482,0.024,0.001,1.191,0.055,3.019,15.8647
7,2023-10-28,21.4,6.64,7.61749157310183,122.832051616267,38.73622656,0.455,0.022,0.001,1.05,0.051,2.531,12.0652
8,2023-10-28,21.4,7.65,14.2827966995659,219.955069173315,24.88667552,0.476,0.022,0.001,1.143,0.048,2.655,13.7175
9,2023-10-28,21.6,10.04,,,4.3928432,0.016,0.002,0.001,0.36,0.026,2.627,6.7689
10,2023-10-28,22.0,10.13,,,6.629696,0.029,0.002,0.001,0.365,0.023,2.838,6.6603
11,2023-10-28,22.5,10.88,1.8972874537943,-58.8159110676234,5.08165184,0.018,0.002,0.001,0.352,0.028,3.2,8.7862
12,2023-10-28,22.3,13.36,5.69571537364311,-205.995039346759,6.33736656,0.028,0.002,0.001,0.346,0.027,3.678,9.6933
13,2023-10-28,22.3,8.73,11.3914307472862,166.125031731257,36.22479712,0.421,0.024,0.001,1.149,0.05,3.835,13.2941
14,2023-10-28,22.2,8.31,17.092931509831,283.932584524414,39.4250352,0.423,0.023,0.001,1.256,0.057,2.094,8.855
15,2023-10-28,22.3,8.14,5.69571537364311,213.589326511617,37.8095304,0.424,0.023,0.001,1.183,0.053,3.033,12.8055
16,2023-10-28,22.5,8.87,,,30.84806576,0.443,0.023,0.001,1.166,0.051,2.933,11.9988
1,2023-11-02,20.1,5.97,5.73844537815126,1640.23897058824,16.7310392,0.563,0.009,0.001,1.03,0.028,2.272,15.063
2,2023-11-02,19.6,6.61,0.958041051604246,599.733698304258,11.60403056,0.231,0.007,0.001,0.628,0.028,2.851,12.7178
3,2023-11-02,19.7,7.24,1.91542781531257,600.48662010049,5.64264032,0.225,0.007,0.001,0.527,0.022,2.425,12.8647
4,2023-11-02,20.0,7.07,2.87020144489657,758.689915267659,7.59308128,0.075,0.004,0.001,0.344,0.021,2.638,14.8148
5,2023-11-02,21.8,8.32,10.459846402538,189.228130373187,27.38626976,0.964,0.02,0.001,1.602,0.045,2.188,12.5079
6,2023-11-02,21.6,9.21,3.80616139585605,116.08792257361,27.38626976,1.009,0.019,0.001,1.586,0.043,2.536,15.5835
7,2023-11-02,22.1,8.96,3.79971573726866,130.140264001452,30.14742192,0.895,0.02,0.001,1.534,0.048,2.995,18.1978
8,2023-11-02,22.5,10.95,3.79457490758861,32.2538867145032,21.55861728,0.733,0.02,0.001,1.191,0.04,2.533,11.6202
9,2023-11-02,23.4,9.64,3.78305874701929,-182.532584543681,3.13121088,0.049,0.002,0.001,0.443,0.025,4.798,11.9344
10,2023-11-02,22.8,10.27,0.947682101223663,-217.966883281442,2.32641728,0.04,0.002,0.001,0.354,0.032,3.469,9.3947
11,2023-11-02,23.1,10.0,0.946722423146474,-192.184651898734,1.88141376,0.028,0.001,0.001,0.357,0.023,3.661,8.1174
12,2023-11-02,22.5,13.15,0.948643726897152,-303.565992607089,3.70403456,0.03,0.0,0.001,0.333,0.026,3.52,7.7194
13,2023-11-02,23.5,10.29,22.6907009222027,-63.3448734078159,60.23013328,0.499,0.024,0.001,1.279,0.068,3.383,16.4308
14,2023-11-02,23.2,10.71,9.46402962230953,-68.1410132806286,62.04091888,0.488,0.024,0.001,1.37,0.08,3.121,12.9153
15,2023-11-02,23.3,10.1,9.46083716839746,-34.0590138062309,46.4965672,0.531,0.023,0.001,1.349,0.094,2.935,14.1938
16,2023-11-02,23.4,10.49,10.4034115543031,-17.0237643615868,30.7084104,0.593,0.022,0.001,1.277,0.055,2.935,13.1303
1,2023-11-09,18.2,5.96,1.92528929368212,954.943489666332,8.96478096,0.59,0.008,0.001,1.025,0.047,2.583,16.3323
2,2023-11-09,17.6,7.15,0.578778712688859,330.868497420464,6.33144896,0.363,0.007,0.001,0.691,0.025,2.621,14.2929
3,2023-11-09,17.7,7.17,1.9285990569513,388.612709975687,7.58716368,0.318,0.008,0.001,0.628,0.018,2.787,14.0229
4,2023-11-09,17.7,9.12,0.96429952847565,182.252610881898,12.03719888,0.184,0.006,0.001,0.455,0.018,2.46,14.4247
5,2023-11-09,18.6,7.42,1.92264965112009,37.4916681968417,29.33079312,0.946,0.031,0.001,1.638,0.059,2.343,14.4133
6,2023-11-09,18.3,7.45,7.69851481508713,51.9649750018381,14.9202536,0.846,0.032,0.001,1.628,0.054,2.433,15.9242
7,2023-11-09,18.2,6.9,5.77586788104636,27.9166947583907,16.86477696,0.854,0.032,0.001,1.608,0.057,2.584,15.4268
8,2023-11-09,18.2,5.78,2.88793394052318,47.169587695212,16.17005072,0.827,0.032,0.001,1.651,0.073,5.45,15.3002
9,2023-11-09,18.2,9.29,0.96264464684106,-316.710088810709,3.13712848,0.032,0.001,0.001,0.412,0.031,7.58,9.1722
10,2023-11-09,18.1,9.23,1.92595033721643,-67.4082618025751,1.7595112,0.022,0.001,0.001,0.365,0.029,3.476,8.9148
11,2023-11-09,18.0,9.31,3.85322366968426,-38.5322366968426,3.46022944,0.032,0.001,0.001,0.376,0.024,3.627,8.5599
12,2023-11-09,17.9,8.46,1.92727378702727,-24.0909223378408,2.7773384,0.034,0.001,0.001,0.391,0.03,3.471,8.9759
13,2023-11-09,18.0,5.09,4.81652958710532,34.6790130271583,18.23647664,0.491,0.043,0.001,1.457,0.062,3.097,14.4376
14,2023-11-09,18.1,5.03,16.3705778663397,183.928257204169,57.93173744,0.477,0.031,0.001,1.467,0.069,6.26,13.9514
15,2023-11-09,18.1,4.84,25.0373543838136,222.447263948498,14.22552736,0.497,0.04,0.001,1.544,0.066,3.034,14.4477
16,2023-11-09,18.0,5.38,13.4862828438949,227.340196511371,16.28603568,0.513,0.038,0.001,1.545,0.065,2.176,10.9697
1,2023-11-16,14.4,8.14,3.90146434160519,844.667029957523,22.0036208,0.742,0.014,0.008,1.373,0.02,3.981,16.1311
2,2023-11-16,13.2,10.51,1.95890705679862,198.82906626506,7.58716368,0.555,0.018,0.007,1.074,0.015,3.2,15.2609
3,2023-11-16,13.0,9.67,13.7219334265246,157.802234405032,6.89243744,0.546,0.022,0.01,1.048,0.018,2.856,13.1582
4,2023-11-16,12.8,11.47,1.96164726600555,-48.0603580171359,5.07573424,0.472,0.021,0.004,0.987,0.011,3.027,13.4153
5,2023-11-16,14.4,8.56,54.6205007824726,1839.54043706685,18.80338272,0.97,0.06,0.007,2.102,0.052,2.626,14.8541
6,2023-11-16,14.0,8.83,9.76724770528097,135.764743103405,21.9917856,0.838,0.068,0.007,2.028,0.041,3.262,15.4001
7,2023-11-16,14.1,8.16,5.85830846698993,196.253333644163,0.9606352,0.825,0.063,0.007,1.97,0.041,0.619,14.0737
8,2023-11-16,13.7,8.28,11.7329552528698,59.6425225354217,17.5535856,0.72,0.079,0.007,1.927,0.038,3.463,15.7479
9,2023-11-16,14.5,13.48,5.85016202726528,-69.2269173226391,1.07070256,0.104,0.003,0.007,0.453,0.029,4.951,7.8046
10,2023-11-16,14.2,14.17,4.88022477565935,-174.712046968605,2.44831984,0.096,0.003,0.007,0.443,0.013,4.865,7.8657
11,2023-11-16,14.0,13.14,4.88362385264048,-157.252688055024,2.44831984,0.091,0.003,0.007,0.49,0.012,4.888,7.7628
12,2023-11-16,14.2,13.38,8.78440459618683,-265.484227795869,3.70403456,0.093,0.004,0.008,0.519,0.022,4.517,7.9214
13,2023-11-16,14.4,9.33,12.6797591102169,158.984671920411,49.70272288,0.539,0.062,0.008,2.121,0.064,3.233,15.0933
14,2023-11-16,14.0,9.74,22.4646697221462,130.881119250765,85.41780592,0.528,0.047,0.012,2.41,0.089,3.599,14.7231
15,2023-11-16,13.8,9.14,21.5029217384811,225.780678254051,66.17968832,0.535,0.058,0.007,2.234,0.088,3.546,14.9601
16,2023-11-16,13.7,9.3,12.7107015239423,230.748119973107,29.33079312,0.593,0.05,0.006,2.113,0.05,3.625,14.8558
1,2023-11-23,16.7,9.06,1.93525284013899,287.38504676064,22.56460928,0.574,0.016,0.004,1.435,0.03,2.728,15.8739
2,2023-11-23,15.0,8.95,0.973335130512382,212.187058451699,12.16501904,0.553,0.017,0.007,1.347,0.025,2.45,15.1174
3,2023-11-23,14.8,9.26,3.89604470022077,128.569475107286,14.1095424,0.513,0.017,0.004,1.383,0.034,2.892,14.7804
4,2023-11-23,14.7,9.76,1.94869909923323,85.7427603662622,5.64264032,0.445,0.017,0.002,1.091,0.013,0.0,13.7773
5,2023-11-23,15.5,11.02,5.82989470688674,-87.4484206033011,33.90864848,0.92,0.034,0.004,2.401,0.044,2.938,16.0278
6,2023-11-23,15.6,12.22,1.94262523191095,-202.033024118738,27.39218736,0.886,0.035,0.004,2.331,0.046,2.845,16.233
7,2023-11-23,15.8,12.44,3.88256124391269,-69.8861023904284,43.99105536,0.743,0.035,0.002,2.371,0.054,2.871,16.2238
8,2023-11-23,16.3,11.95,3.87585445302668,-156.003141734324,55.78601568,0.716,0.042,0.004,2.62,0.069,2.99,16.0822
9,2023-11-23,17.8,12.56,0.963968097120271,-240.992024280068,1.19852272,0.076,0.003,0.004,0.623,0.022,3.547,7.6347
10,2023-11-23,17.2,12.9,0.965960109719797,-236.66022688135,1.7595112,0.066,0.003,0.004,0.587,0.016,3.92,7.9405
11,2023-11-23,16.7,13.29,0.967626420069494,-287.38504676064,0.50379648,0.056,0.001,0.004,0.622,0.018,0.0,9.0942
12,2023-11-23,16.7,11.72,0.967626420069494,-402.53259074891,1.7595112,0.053,0.003,0.002,0.641,0.018,4.044,8.3923
13,2023-11-23,16.6,11.16,5.80776223345248,-61.9494638234932,74.20750448,0.632,0.051,0.002,2.34,0.053,2.984,16.7523
14,2023-11-23,15.7,12.34,6.79683442963476,-162.153049964144,62.3024768,0.581,0.054,0.004,2.276,0.059,3.091,16.7001
15,2023-11-23,15.5,12.8,6.8015438247012,-130.200981787137,56.46298912,0.559,0.05,0.0,2.348,0.064,2.994,16.5397
16,2023-11-23,15.6,12.9,5.83596014268374,-142.008363471971,47.88601968,0.56,0.049,0.0,2.237,0.058,3.331,16.6807
1,2023-11-30,12.6,9.47,1.96302024746907,274.822834645669,10.91522192,0.552,0.013,0.012,0.861,0.019,9.514,19.15
2,2023-11-30,11.4,10.08,1.9712986670683,69.9811026809248,12.84791008,0.511,0.014,0.012,0.843,0.017,4.112,18.85
3,2023-11-30,11.2,10.29,0.986342598407396,39.4537039362958,11.59811296,0.485,0.013,0.007,0.871,0.015,4.316,19.01
4,2023-11-30,11.3,10.09,6.90197090877131,100.571576099239,12.2928392,0.66,0.018,0.01,0.948,0.019,4.415,17.81
5,2023-11-30,12.1,10.76,11.7987667459622,-122.903820270439,37.92551536,0.868,0.029,0.01,1.535,0.039,4.123,14.32
6,2023-11-30,12.4,11.37,8.83977818495635,-127.685684893814,44.56387904,0.795,0.029,0.01,1.198,0.046,4.39,21.57
7,2023-11-30,12.6,11.78,5.8890607424072,-210.04316647919,47.75819952,0.766,0.027,0.01,1.33,0.046,4.055,19.21
8,2023-11-30,12.2,11.97,3.93154396855991,-144.484240844577,68.25794944,0.665,0.03,0.01,1.308,0.063,3.739,15.76
9,2023-11-30,11.3,13.34,0.985995844110188,-290.868774012505,4.3928432,0.06,0.001,0.008,0.521,0.028,4.552,9.643
10,2023-11-30,12.5,13.52,0.981853729589158,-270.991629366608,5.08165184,0.049,0.001,0.008,0.533,0.021,5.224,11.96
11,2023-11-30,12.2,13.09,1.96577198427996,-263.413445893514,5.08165184,0.066,0.002,0.008,0.512,0.019,4.832,10.57
12,2023-11-30,12.6,12.3,0.981510123734533,-322.916830708661,3.70403456,0.066,0.001,0.008,0.578,0.019,4.721,12.22
13,2023-11-30,11.7,10.98,8.86150135409614,-270.768096930715,43.18626176,0.697,0.03,0.008,1.37,0.04,3.568,15.56
14,2023-11-30,11.4,11.03,9.85649333534152,838.787582837563,32.65885136,0.732,0.03,0.008,1.159,0.04,4.138,20.29
15,2023-11-30,11.6,11.16,0.9849570425185,-104.405446506961,36.67571824,0.728,0.028,0.008,1.319,0.046,3.057,18.13
16,2023-11-30,11.9,11.6,13.7748859849149,-141.684541559125,39.87003872,0.687,0.027,0.008,1.256,0.042,3.426,20.65
1,2023-12-07,11.9,9.78,2.95176128248177,298.127889530659,12.2928392,0.618,0.014,0.02,1.14,0.037,4.734,32.04
2,2023-12-07,10.9,10.94,2.96215297860035,33.5710670908039,16.1511144,0.64,0.017,0.02,1.438,0.037,3.991,16.41
3,2023-12-07,10.8,11.62,3.95092823183156,-63.214851709305,16.87069456,0.642,0.019,0.016,0.99,0.026,3.566,19.98
4,2023-12-07,10.6,11.7,1.97685651353052,42.5024150409062,10.31162672,0.657,0.019,0.033,1.068,0.046,3.774,15.78
5,2023-12-07,12.0,10.29,3.93430149545352,47.2116179454422,22.8202496,1.036,0.041,0.035,1.543,0.054,4.964,36.44
6,2023-12-07,12.3,11.29,1.96508332707755,-180.787666091134,24.20378448,1.013,0.042,0.016,1.499,0.047,3.739,20.72
7,2023-12-07,12.4,11.06,12.7685684893814,-61.8784472946945,23.51497584,0.996,0.042,0.018,1.424,0.045,4.283,29.23
8,2023-12-07,12.6,12.49,0.0,0.0,18.583248,0.948,0.038,0.018,1.486,0.042,4.214,22.6
9,2023-12-07,12.9,13.07,1.96096149524309,-342.187780919919,2.45423744,0.054,0.001,0.016,0.532,0.02,6.619,16.41
10,2023-12-07,12.9,12.6,0.980480747621545,-151.974515881339,1.63760864,0.049,0.001,0.012,0.545,0.028,6.358,18.93
11,2023-12-07,13.0,12.32,0.980138101894611,-146.040577182297,3.55136048,0.053,0.001,0.014,0.557,0.02,6.407,18.6
12,2023-12-07,13.2,12.63,0.979453528399312,-121.452237521515,3.35016208,0.047,0.001,0.01,0.533,0.017,6.445,16.2
13,2023-12-07,12.4,10.85,7.85758060885009,-84.4689915451385,22.94215216,0.759,0.037,0.012,1.367,0.047,3.537,19.56
14,2023-12-07,12.2,10.83,3.93154396855991,-60.9389315126787,28.65973728,0.773,0.038,0.014,1.392,0.051,4.258,24.03
15,2023-12-07,12.1,10.65,8.84907505947164,-64.8932171027921,12.97573024,0.765,0.035,0.01,1.257,0.045,4.794,28.71
16,2023-12-07,12.3,10.6,1.96508332707755,-69.7604581112529,14.23736256,0.718,0.035,0.012,1.334,0.041,4.448,27.21
1,2023-12-14,13.5,8.03,0.978428459295806,315.05396389325,25.57548416,0.716,0.012,0.002,1.53,0.038,2.901,18.9
2,2023-12-14,11.5,8.18,0.985303066422424,228.590311410002,14.35926512,0.649,0.013,0.002,1.061,0.033,3.238,15.08
3,2023-12-14,11.0,8.31,0.987036839194591,99.6907207586536,14.9261712,0.642,0.014,0.004,1.066,0.032,3.171,16.67
4,2023-12-14,10.9,8.52,0.987384326200116,95.7762796414112,1.9666272,0.686,0.016,0.002,1.029,0.021,3.072,20.2
5,2023-12-14,11.2,9.09,0.986342598407396,106.525000627999,10.34831584,1.038,0.032,0.0,1.542,0.041,3.289,25.71
6,2023-12-14,11.0,9.03,0.987036839194591,53.2999893165079,12.2928392,1.051,0.034,0.002,1.517,0.056,2.636,21.68
7,2023-12-14,10.7,8.08,0.988080034726591,45.4516815974232,22.13735856,0.917,0.033,0.0,1.367,0.036,2.703,15.84
8,2023-12-14,10.6,8.79,0.988428256765261,8.89585431088735,24.19786688,0.97,0.028,0.0,1.425,0.039,2.533,17.15
9,2023-12-14,11.4,9.89,0.985649333534152,-451.427394758642,6.51962864,0.166,0.001,0.0,0.458,0.019,3.21,13.82
10,2023-12-14,11.0,10.09,0.987036839194591,-39.4814735677836,4.15495568,0.174,0.003,0.004,0.422,0.02,4.457,19.78
11,2023-12-14,11.0,10.15,0.987036839194591,-66.1314682260376,3.01522592,0.157,0.003,0.004,0.485,0.017,3.178,11.0
12,2023-12-14,11.1,9.46,0.986689596683,-78.93516773464,2.44831984,0.131,0.004,0.004,0.516,0.034,4.157,15.49
13,2023-12-14,10.6,9.54,0.988428256765261,61.2825519194462,18.24239424,0.753,0.032,0.011,1.387,0.043,2.723,16.06
14,2023-12-14,10.6,9.32,0.988428256765261,56.3404106356199,24.89259312,0.772,0.032,0.009,1.521,0.046,2.57,15.22
15,2023-12-14,10.5,9.58,0.988776724333308,64.270487081665,29.46453088,0.815,0.032,0.006,1.442,0.049,2.523,18.44
16,2023-12-14,10.5,9.58,0.988776724333308,48.4500594923321,26.83119888,0.777,0.032,0.006,1.43,0.044,2.704,18.13
1,2023-12-23,4.3,12.72,2.02174458718431,149.609099451639,4.26502304,1.093,0.021,0.013,1.851,0.024,3.129,21.57
2,2023-12-23,4.3,13.44,1.01087229359215,-38.4131471565018,11.72593312,1.059,0.019,0.012,1.727,0.032,2.459,9.902
3,2023-12-23,4.1,12.73,1.0116015071493,-43.4988648074198,6.45926912,1.035,0.02,0.013,1.798,0.037,2.313,15.83
4,2023-12-23,3.2,13.46,1.01489602987929,-27.4021928067409,6.215464,0.956,0.019,0.009,1.926,0.041,2.516,20.65
5,2023-12-23,3.0,12.45,2.03126212462171,-23.3595144331497,7.0261752,1.085,0.021,0.009,2.099,0.043,2.466,16.45
6,2023-12-23,3.5,12.47,1.01379547390979,32.4414551651132,12.56031472,1.016,0.019,0.009,1.778,0.032,2.791,10.7
7,2023-12-23,3.4,12.74,1.01416206059354,-11.1557826665289,7.0261752,1.054,0.018,0.008,1.962,0.041,2.377,14.44
8,2023-12-23,4.2,14.79,1.01123676890984,27.3033927605656,11.03712448,1.024,0.017,0.006,1.832,0.042,3.772,20.37
9,2023-12-23,3.5,12.22,1.01379547390979,-53.7311601172188,2.44831984,0.203,0.004,0.005,0.553,0.029,3.792,14.33
10,2023-12-23,3.7,12.58,1.01306309502309,-117.515319022679,7.8487216,0.18,0.006,0.005,0.626,0.02,3.372,10.32
11,2023-12-23,4.0,12.82,1.01196650859514,-99.1727178423237,5.6177864,0.131,0.006,0.003,0.547,0.018,5.075,16.7
12,2023-12-23,4.3,11.8,1.01087229359215,-58.6305930283449,3.72770496,0.124,0.005,0.003,0.724,0.024,3.22,11.74
13,2023-12-23,2.9,11.12,1.01599897792843,24.3839754702823,14.9261712,0.867,0.015,0.002,1.688,0.034,2.698,13.63
14,2023-12-23,2.8,10.42,2.03273432039966,30.4910148059949,15.61497984,0.917,0.017,0.0,1.53,0.041,2.427,14.46
15,2023-12-23,2.9,10.45,1.01599897792843,22.3519775144254,12.85974528,0.843,0.015,0.001,1.879,0.041,2.471,13.76
16,2023-12-23,3.2,11.78,1.01489602987929,17.253232507948,10.34831584,0.806,0.016,0.002,1.524,0.046,2.432,12.62
1,2024-01-11,7.0,9.95,3.00338944697993,241.272285574055,4.3928432,1.321,0.018,0.008,1.391,0.025,3.087,27.99
2,2024-01-11,6.7,11.72,1.00220302968427,-18.0396545343169,9.6595072,1.183,0.02,0.008,1.444,0.022,4.886,44.8
3,2024-01-11,6.6,12.01,1.00256127920337,13.0332966296438,6.78828768,1.091,0.019,0.007,1.435,0.027,3.426,25.79
4,2024-01-11,6.3,10.98,1.00363756613757,26.0945767195767,4.95974928,1.032,0.019,0.01,1.278,0.029,4.048,23.94
5,2024-01-11,7.1,11.57,1.00077258825029,187.144474002804,19.50402656,1.45,0.027,0.134,1.573,0.134,2.368,19.53
6,2024-01-11,7.3,11.97,5.00029448844969,30.0017669306981,15.61497984,1.509,0.027,0.061,1.594,0.067,2.51,24.5
7,2024-01-11,7.8,14.43,1.99655823354435,-126.781447830066,16.87069456,1.504,0.026,0.015,1.577,0.033,2.088,15.65
8,2024-01-11,7.9,15.63,0.997923920502199,-63.8671309121407,16.87661216,1.487,0.025,0.01,1.603,0.047,2.211,17.64
9,2024-01-11,7.8,12.49,0.998279116772176,-188.674753069941,4.35615408,0.219,0.004,0.01,0.384,0.025,4.714,22.38
10,2024-01-11,7.3,11.5,1.00005889768994,-188.011072765708,1.7654288,0.22,0.004,0.013,0.399,0.024,3.393,15.27
11,2024-01-11,7.4,11.28,0.99970243399445,-71.9785752476004,1.7595112,0.236,0.003,0.005,0.392,0.02,3.992,15.85
12,2024-01-11,8.1,20.36,0.997214285714286,-100.718642857143,2.32641728,0.236,0.003,0.005,0.418,0.022,2.715,9.783
13,2024-01-11,7.4,12.9,0.99970243399445,98.9705409654506,20.1869176,1.174,0.02,0.003,1.346,0.036,3.967,31.78
14,2024-01-11,7.3,11.85,1.00005889768994,39.0022970099076,20.75382368,1.143,0.019,0.003,1.307,0.039,2.658,19.91
15,2024-01-11,7.3,11.43,1.00005889768994,60.0035338613962,21.32664736,1.169,0.019,0.008,1.43,0.04,2.831,17.12
16,2024-01-11,7.6,13.76,0.998990268413688,44.954562078616,18.24831184,1.175,0.017,0.005,1.45,0.046,2.624,19.85
1,2024-01-18,9.5,8.03,0.995798039613502,561.630094342015,4.14903808,1.484,0.018,0.006,1.743,0.037,2.841,23.91
2,2024-01-18,7.9,8.18,3.98347502548937,288.801939347979,20.31473776,1.065,0.019,0.003,1.305,0.037,2.769,16.06
3,2024-01-18,7.9,8.31,2.99483735031653,288.502664747159,10.34831584,1.159,0.019,0.001,1.35,0.043,2.982,21.94
4,2024-01-18,8.0,8.52,5.99266089933712,217.733346009249,6.33736656,1.057,0.019,0.001,1.172,0.034,5.147,35.65
5,2024-01-18,8.4,9.09,2.0029745963731,306.455113245084,10.34831584,1.419,0.022,0.003,1.484,0.048,4.433,32.08
6,2024-01-18,8.1,9.03,3.00553510831016,146.269375271094,6.33736656,1.249,0.022,0.003,1.422,0.051,2.972,19.32
7,2024-01-18,8.1,8.08,3.00392557504973,175.228991877901,10.22049568,1.377,0.023,0.004,1.479,0.051,3.037,22.89
8,2024-01-18,8.1,8.79,1.00166613520408,136.226594387755,16.17596832,1.34,0.022,0.004,1.439,0.068,2.734,13.63
9,2024-01-18,8.1,9.89,1.00077258825029,291.224823180833,1.07070256,0.209,0.007,0.003,0.304,0.04,3.381,11.0
10,2024-01-18,8.1,10.09,1.00112981565998,143.161563639377,1.07662016,0.201,0.006,0.003,0.297,0.045,4.307,23.16
11,2024-01-18,8.2,10.15,1.00059407012894,77.0457433999287,1.7713464,0.213,0.006,0.001,0.34,0.036,3.213,17.13
12,2024-01-18,7.7,9.46,2.00190234016519,91.0865564775161,1.7595112,0.168,0.006,0.001,0.354,0.035,3.46,14.46
13,2024-01-18,7.6,9.54,2.00011779537987,217.012780798716,8.28188992,1.109,0.018,0.001,1.275,0.036,1.366,14.34
14,2024-01-18,8.1,9.32,5.00207807842238,294.122191011236,12.2869216,1.189,0.016,0.0,1.317,0.039,2.0,16.72
15,2024-01-18,7.7,9.58,3.99952253628724,183.978036669213,10.90338672,1.181,0.015,0.0,1.315,0.031,1.617,21.61
16,2024-01-18,7.5,9.58,5.0011861244141,221.052426699103,12.85382768,1.177,0.015,0.006,1.314,0.029,2.045,16.93
1,2024-01-25,8.2,8.65,1.98454992292335,63.5055975335473,1.19852272,1.526,0.025,0.012,1.912,0.075,1.578,20.74
2,2024-01-25,8.1,8.43,1.9958478410044,98.7944681297177,3.00930832,1.347,0.024,0.01,1.686,0.034,1.68,17.14
3,2024-01-25,8.0,8.51,0.997923920502199,12.9730109665286,2.44831984,1.22,0.023,0.006,1.85,0.031,1.751,20.89
4,2024-01-25,8.6,9.8,0.997568976906075,-40.9003280531491,4.3928432,1.185,0.019,0.005,1.581,0.031,1.795,19.22
5,2024-01-25,8.7,8.41,3.98460689550194,130.495875827689,1.07070256,1.157,0.018,0.008,1.569,0.03,1.742,17.17
6,2024-01-25,8.6,8.79,2.99164285714286,10.9693571428571,1.7595112,1.108,0.018,0.006,1.525,0.031,1.836,18.14
7,2024-01-25,8.0,8.99,3.98885714285714,-62.8245,3.00930832,1.148,0.018,0.006,2.075,0.029,1.962,17.03
8,2024-01-25,9.0,9.64,0.997214285714286,25.9275714285714,3.70403456,1.19,0.016,0.008,1.541,0.03,1.875,16.67
9,2024-01-25,7.1,9.09,0.997214285714286,-46.8690714285714,0.50379648,0.047,0.0,0.004,0.301,0.028,2.904,16.83
10,2024-01-25,8.2,9.13,0.997214285714286,-162.545928571429,0.381893919999999,0.029,0.0,0.004,0.349,0.021,2.989,17.95
11,2024-01-25,7.2,9.59,0.996859846657696,-116.63260205895,5.08756944,0.025,0.001,0.005,0.288,0.022,3.219,19.62
12,2024-01-25,8.1,8.92,3.99453826394364,-62.9139776571124,0.381893919999999,0.023,0.001,0.004,0.284,0.019,3.322,17.88
13,2024-01-25,8.1,9.26,1.99798053682738,103.894987915024,1.07070256,1.025,0.016,0.006,1.458,0.038,1.947,16.11
14,2024-01-25,8.3,8.55,0.997214285714286,109.693571428571,4.96566688,1.063,0.016,0.007,1.491,0.039,1.98,17.45
15,2024-01-25,7.2,7.78,3.99453826394364,156.785626859788,5.64855792,1.078,0.018,0.008,1.496,0.037,2.292,16.81
16,2024-01-25,7.1,10.05,1.99869244865236,37.9751565243949,3.14304608,1.067,0.018,0.008,1.449,0.042,1.887,17.59
1,2024-02-01,6.4,9.68,1.99371969331539,467.52726808246,4.3869256,1.746,0.04,0.008,2.035,0.046,1.53,18.33
2,2024-02-01,5.9,10.77,1.99442857142857,259.275714285714,8.97069856,1.587,0.037,0.007,1.815,0.045,1.93,14.98
3,2024-02-01,5.8,11.51,1.99513795381215,327.202624425192,7.0202576,1.669,0.039,0.007,1.786,0.035,1.496,18.9
4,2024-02-01,5.7,11.7,1.99088921282799,289.674380466472,4.3928432,1.67,0.039,0.006,1.794,0.037,1.697,18.33
5,2024-02-01,5.6,10.44,2.9852742720292,336.340901315289,5.08756944,1.603,0.033,0.008,1.718,0.081,2.057,17.59
6,2024-02-01,5.8,10.24,3.98177842565598,353.382835276968,9.6595072,1.588,0.037,0.006,1.674,0.087,2.048,18.43
7,2024-02-01,6.2,11.01,4.98784488453037,351.144279870938,7.14807776,1.533,0.031,0.008,1.78,0.097,2.181,19.27
8,2024-02-01,6.3,12.65,10.9343671679198,26.8389012303486,7.0261752,1.479,0.023,0.007,1.672,0.09,1.982,19.92
9,2024-02-01,6.5,13.04,4.00309035300115,263.203190709825,7.71498384,0.166,0.0,0.006,0.328,0.05,3.018,17.06
10,2024-02-01,6.6,12.1,3.98743938663079,343.916647096905,2.7714208,0.173,0.0,0.006,0.418,0.046,3.46,13.55
11,2024-02-01,6.7,12.32,2.00083123136895,168.069823434992,2.32641728,0.201,0.0,0.006,0.416,0.041,3.128,15.71
12,2024-02-01,6.2,12.63,0.997214285714286,329.080714285714,2.45423744,0.194,0.0,0.006,0.492,0.043,3.126,16.43
13,2024-02-01,5.7,9.61,2.99164285714286,182.490214285714,1.7595112,1.425,0.015,0.005,1.603,0.072,1.203,17.08
14,2024-02-01,5.5,10.25,5.97903395680532,236.17184129381,12.2928392,1.452,0.015,0.005,1.633,0.079,1.852,16.72
15,2024-02-01,5.5,10.6,9.00374054116029,401.166661889475,11.72593312,1.447,0.015,0.004,1.579,0.083,1.509,13.44
16,2024-02-01,5.7,9.6,11.0084984707532,409.315988594367,9.09851872,1.371,0.018,0.004,1.534,0.081,1.925,14.49
1,2024-02-09,9.7,9.56,3.0098356414646,488.59665246442,12.98164784,1.58,0.032,0.002,1.78,0.028,2.068,17.09
2,2024-02-09,10.3,10.02,3.01522864566002,113.573612319861,4.3928432,1.444,0.032,0.002,1.603,0.024,1.838,19.75
3,2024-02-09,10.5,11.01,3.01630956648657,60.3261913297314,4.52066336,1.403,0.031,0.002,1.563,0.021,1.96,15.96
4,2024-02-09,10.5,11.02,2.01159417505571,15.0869563129179,3.70403456,1.362,0.028,0.002,1.497,0.023,1.915,16.82
5,2024-02-09,9.7,9.4,5.03078955797566,133.819002242152,4.95974928,1.296,0.02,0.002,1.401,0.023,1.851,19.72
6,2024-02-09,10.07,10.1,2.01087304432438,-15.0815478324329,9.53760464,1.25,0.023,0.002,1.28,0.022,1.809,16.69
7,2024-02-09,10.07,11.01,1.00399684215909,-45.1798578971592,8.40379248,1.235,0.022,0.003,1.506,0.024,1.792,16.69
8,2024-02-09,10.07,11.45,1.00363756613757,-50.1818783068783,12.85974528,1.259,0.021,0.002,1.499,0.029,1.843,17.13
9,2024-02-09,10.07,12.45,1.00291978493525,16.046716558964,1.7595112,0.043,0.002,0.002,0.253,0.016,3.302,15.57
10,2024-02-09,10.07,11.75,1.00256127920337,-22.0563481424741,1.7595112,0.055,0.002,0.002,0.254,0.014,3.143,18.49
11,2024-02-09,10.07,11.21,1.00220302968427,-43.0947302764236,1.19260512,0.06,0.002,0.001,0.232,0.02,3.332,20.22
12,2024-02-09,10.07,11.68,1.00399684215909,-9.03597157943185,2.45423744,0.055,0.003,0.002,0.3,0.018,3.095,19.59
13,2024-02-09,10.07,9.62,3.01739126258357,42.24347767617,6.33736656,1.121,0.012,0.002,1.406,0.029,1.942,18.21
14,2024-02-09,10.07,10.22,4.02607597857015,50.3259497321269,7.58716368,1.161,0.014,0.002,1.302,0.023,2.066,19.58
15,2024-02-09,10.07,10.61,3.01955698392761,-23.1499368767783,7.0261752,1.115,0.014,0.002,1.248,0.027,1.8,18.88
16,2024-02-09,10.1,9.63,8.04637670022286,-63.365216514255,6.33736656,1.122,0.015,0.002,1.285,0.027,1.81,18.8
1,2024-02-15,4.1,9.85,0.991573335185232,311.354027248163,14.9202536,1.334,0.03,0.002,1.542,0.028,1.619,13.23
2,2024-02-15,4.2,10.49,0.989474397096994,285.958100761031,13.18876384,1.082,0.023,0.0,1.29,0.03,2.021,20.22
3,2024-02-15,4.2,9.55,5.93266034599985,520.09655699932,14.9202536,1.061,0.021,0.0,1.255,0.026,2.078,15.29
4,2024-02-15,4.3,9.8,5.93266034599985,342.116746619325,16.17596832,1.05,0.02,0.001,1.201,0.028,2.271,20.26
5,2024-02-15,5.9,9.04,5.94944001111139,433.317547475946,4.3928432,1.621,0.036,0.004,1.787,0.041,1.941,19.47
6,2024-02-15,6.1,8.83,6.93194557234659,318.869496327943,5.08165184,1.706,0.037,0.007,1.897,0.041,2.275,13.73
7,2024-02-15,6.1,8.31,8.9125014501599,242.618095032131,7.0261752,1.706,0.039,0.007,1.889,0.035,1.99,16.99
8,2024-02-15,6.4,10.08,8.9125014501599,389.179229990316,7.71498384,1.782,0.039,0.01,1.977,0.032,1.984,14.08
9,2024-02-15,5.5,7.11,0.990277938906655,77.7368182041724,3.70403456,0.248,0.004,0.004,0.336,0.024,3.404,17.24
10,2024-02-15,5.9,6.5,0.990277938906655,57.9312594260393,3.70403456,0.217,0.004,0.004,0.325,0.017,2.525,14.69
11,2024-02-15,5.6,6.8,0.990277938906655,52.4847307620527,3.70403456,0.189,0.004,0.002,0.328,0.017,3.018,12.48
12,2024-02-15,5.6,7.09,0.990277938906655,49.0187579758794,15.42443312,0.191,0.004,0.002,0.305,0.015,3.025,19.16
13,2024-02-15,5.5,9.23,1.98055587781331,6.93194557234659,6.90427264,1.36,0.013,0.002,1.415,0.021,1.801,18.16
14,2024-02-15,5.4,9.48,2.47569484726664,44.0673682813462,6.33736656,1.348,0.013,0.002,1.422,0.032,2.073,19.01
15,2024-02-15,5.5,9.21,2.47569484726664,23.2715315643064,13.54263632,1.31,0.012,0.002,1.477,0.029,2.03,16.99
16,2024-02-15,5.6,9.95,4.9508652755012,-14.8525958265036,8.27597232,1.313,0.012,0.001,1.363,0.029,2.526,19.2
1,2024-02-23,4.1,9.85,1.0116015071493,283.248422001803,7.0261752,1.494,0.034,0.006,1.945,0.024,2.339,20.47
2,2024-02-23,4.2,10.49,5.05618384454918,268.988980530016,10.34239824,1.384,0.034,0.006,1.78,0.027,1.989,20.3
3,2024-02-23,4.2,9.55,3.03371030672951,177.977671328131,11.03712448,1.362,0.033,0.008,1.87,0.023,2.01,17.72
4,2024-02-23,4.3,9.8,2.02174458718431,203.185331012023,12.15910144,1.362,0.034,0.005,1.798,0.022,2.385,19.61
5,2024-02-23,5.9,9.04,3.01522864566002,272.375654324622,3.82593712,2.421,0.057,0.037,3.459,0.04,2.304,23.43
6,2024-02-23,6.1,8.83,2.00871275099118,162.705732830285,4.3928432,2.447,0.058,0.037,3.361,0.041,2.3,22.92
7,2024-02-23,6.1,8.31,2.00871275099118,75.3267281621691,4.26502304,2.403,0.056,0.04,3.216,0.045,2.056,18.86
8,2024-02-23,6.4,10.08,2.00655709430973,84.2753979610088,7.0261752,2.423,0.056,0.041,3.233,0.049,3.334,23.27
9,2024-02-23,5.5,7.11,1.00651899464254,141.919178244598,6.215464,0.02,0.003,0.003,0.347,0.022,3.394,23.68
10,2024-02-23,5.9,6.5,1.00507621522001,139.705593915581,1.7595112,0.097,0.004,0.003,0.398,0.017,2.587,16.79
11,2024-02-23,5.6,6.8,1.00615791159513,149.917528827675,3.01522592,0.083,0.004,0.003,0.423,0.017,3.303,22.57
12,2024-02-23,5.6,7.09,1.00615791159513,108.665054452274,4.27094064,0.066,0.004,0.003,0.339,0.02,3.323,20.2
13,2024-02-23,5.5,9.23,1.00651899464254,-28.182531849991,12.2869216,1.107,0.016,0.006,1.432,0.021,1.955,16.82
14,2024-02-23,5.4,9.48,1.006880336949,39.2683331410109,14.23144496,1.122,0.016,0.006,1.436,0.021,1.793,21.33
15,2024-02-23,5.5,9.21,2.01303798928507,70.4563296249776,18.80338272,1.16,0.018,0.006,1.427,0.022,1.829,19.04
16,2024-02-23,5.6,9.95,2.01231582319026,33.2032110826393,14.23144496,1.18,0.016,0.006,1.488,0.026,1.752,17.53
