Day,Mesocosm,Dominance,Label,δ13C-CH4 Conc,δ13C-CO2 Conc,δ13C-DIC,δ13C-DOC,δ13C‰ Zooplankton,δ13C‰ Macrophytes,δ13C‰-16:1ω7cPLFA,δ13C‰-16:1ω5c PLFA,δ13C‰-18:1ω7c PLFA,δ13C‰-18:3n3 PLFA,δ13C‰-18:2ω6 PLFA,δ13C‰-i15:0 PLFA,δ13C‰-a15:0 PLFA,NO₃-N (mg/L),NO₂-N (mg/L),PO₄-P (mg/L),TN (mg/L),TP (mg/L),Temp (°C),DO (mg/L),Chl a (μg/L),DOC (ppm),DIC (ppm)
1,TH1,macrophyte,yes,40.07,-27.25,5.821,-25.636,-5.26664520809509,26.7891723374856,-42.74,-40.54,-33.963,-31.043,-31.242,-29.253,-29.901,0.07,0.01,0.017,0.551,0.047,22.4,5.42,1.63169104,4.922,19.24
1,TH2,macrophyte,yes,49.07,-23.6,12.68,-25.684,5.22500435787901,50.4957480856265,-42.024,-40.096,-32.639,-29.234,-29.262,-28.261,-28.908,0.091,0.007,0.018,0.473,0.045,21.5,6.06,1.07070256,5.631,18.83
1,TH3,macrophyte,yes,57.4,-73.28,8.843,-26.165,5.76641220539161,30.0942786972664,-43.425,-41.063,-35.427,,-32.29,-29.417,-30.077,0.091,0.016,0.011,0.497,0.042,20.7,6.03,0.9547176,5.208,14.77
1,CH1,macrophyte,no,33.1,-27.14,0.9289,-28.092,-17.1394230507858,-24.13,-39.925,-37.246,-35.467,-32.242,-32.909,-28.559,-29.179,0.098,0.003,0.009,0.309,0.036,18.3,6.6,6.77645248,5.064,20.77
1,CH2,macrophyte,no,77.9,-44.84,0.9581,-27.74,-14.4351181509285,-25.57,-39.707,-38.273,-34.841,-34.803,-32.842,-28.17,-29.017,0.107,0.003,0.007,0.45,0.036,18.1,6.98,5.28285024,3.669,15.74
1,URC1,phytoplankton,no,-43.49,-29.6,-1.491,-28.821,13.4333197377122,,-50.283,-52.777,-40.165,,-39.209,-34.215,-35.369,0.226,0.006,0.003,0.387,0.019,18.3,6.03,6.89835504,2.873,17.45
1,URC2,phytoplankton,no,-42.93,-27.88,-1.769,-28.851,-26.8393404254962,,-48.091,-48.324,-37.187,-33.901,-35.302,-32.162,-32.609,0.565,0.007,0.003,0.871,0.035,18.6,5.72,2.20451472,2.073,22.43
1,URC3,phytoplankton,no,-45.24,-31.32,-1.209,-28.326,-24.7459321544845,,-49.406,-49.033,-39.007,,-36.897,-32.845,-33.313,0.309,0.01,0.003,0.574,0.031,18.2,5.67,10.22049568,2.867,23.06
1,URT1,phytoplankton,yes,38.6,-24.31,37.62,-26.55,0.359091818317322,,-49.298,-49.582,-37.916,-34.516,-36.179,-32.068,-32.657,1.03,0.044,0.007,1.453,0.028,19.6,6.1,5.4106704,3.131,29.88
1,URT2,phytoplankton,yes,30.0,-26.84,35.35,-24.875,29.7954284137003,,-49.414,-49.26,-38.884,,-36.766,-32.686,-32.907,0.728,0.035,0.003,1.092,0.026,22.7,5.16,1.07070256,3.637,19.24
1,URT3,phytoplankton,yes,32.0,-28.22,34.69,-24.258,-26.1856807111614,,-49.229,-47.929,-37.75,,-39.098,-32.567,-32.704,0.649,0.027,0.003,0.953,0.015,21.5,6.21,2.54536848,3.804,19.25
2,TH1,macrophyte,yes,6.546,91.3,253.3,-22.994,-3.2253213385895,35.4375806432011,-43.723,-41.523,-35.099,,-32.696,-28.985,-30.12,0.066,0.005,0.011,0.467,0.023,21.6,5.9,1.64352624,4.471,16.75
2,TH2,macrophyte,yes,19.68,87.13,249.5,-25.117,-3.67092832031962,41.5067182178244,-40.46,-30.636,-52.947,,,-25.524,-26.625,0.072,0.004,0.017,0.395,0.026,20.7,5.02,1.07662016,6.198,25.42
2,TH3,macrophyte,yes,44.93,67.93,290.7,-24.065,-3.2253213385895,44.8886055825509,-45.238,-42.252,-35.033,-31.97,-32.583,-29.686,-30.264,0.102,0.011,0.007,0.381,0.018,19.0,6.77,1.85655984,6.904,20.37
2,CH1,macrophyte,no,90.37,-20.01,2.209,-27.719,-18.0373101971575,-20.4,-38.803,-36.29,-32.649,-30.816,-31.294,-27.98,-28.847,0.138,0.0,0.006,0.299,0.023,17.6,8.67,4.48989184,3.841,18.6
2,CH2,macrophyte,no,62.06,-22.43,2.157,-28.183,-21.2510565750307,-20.56,-43.951,-41.632,-35.284,,-32.687,-29.732,-30.802,0.149,0.001,0.007,0.277,0.021,17.3,9.19,3.13712848,3.876,18.74
2,URC1,phytoplankton,no,-35.78,-27.02,0.9513,-28.98,-30.6379391450966,,-49.71,-50.112,-38.908,-35.24,-36.595,-32.682,-33.645,0.236,0.003,0.005,0.277,0.023,18.5,7.26,6.96463216,3.256,16.57
2,URC2,phytoplankton,no,-35.88,-24.81,-1.073,-28.746,-31.6930013413403,,-51.432,-49.757,-38.581,,-36.423,-34.018,-34.039,0.365,0.005,0.005,0.64,0.029,18.4,7.93,1.19852272,3.421,28.13
2,URC3,phytoplankton,no,-35.55,-23.88,-0.8156,-27.87,-31.6930013413403,,-48.297,-50.206,-37.603,-34.002,-35.837,-32.414,-32.917,0.375,0.006,0.003,0.402,0.027,18.8,6.36,8.8369608,3.945,20.54
2,URT1,phytoplankton,yes,43.9,119.3,236.4,-24.231,4.99652870447703,,-46.514,-42.465,-36.451,-34.234,-33.977,-31.168,-31.315,0.962,0.039,0.003,1.185,0.018,20.0,5.79,4.27094064,3.514,23.18
2,URT2,phytoplankton,yes,25.8,148.6,238.1,-22.409,,,-49.261,-49.798,-38.833,,-35.947,-32.695,-33.438,0.617,0.033,0.005,1.004,0.025,22.0,5.52,0.50379648,3.748,21.4
2,URT3,phytoplankton,yes,42.5,130.9,311.1,-19.286,17.1382500672567,,-50.453,-48.893,-64.723,,-33.188,-31.755,-33.084,0.166,0.021,0.003,0.882,0.023,21.1,7.2,1.07070256,3.752,27.05
3,TH1,macrophyte,yes,-12.79,40.33,189.3,-22.787,36.0470942936209,36.8612939562757,,,,,,,,0.0,0.006,0.006,0.382,0.041,21.8,6.38,1.07070256,5.65,17.66
3,TH2,macrophyte,yes,-10.06,52.62,221.4,-23.34,-2.95015188748746,40.2177350368799,-45.276,-40.653,-34.887,,-33.188,-30.677,-30.789,0.001,0.007,0.011,0.36,0.051,21.4,7.48,0.381893919999999,5.236,21.41
3,TH3,macrophyte,yes,-37.12,16.62,223.3,-23.345,12.8235983567189,49.2089826667262,-42.906,-41.347,-35.798,-34.877,-33.375,-28.966,-29.782,0.0,0.013,0.003,0.356,0.045,19.7,7.99,0.381893919999999,6.092,15.05
3,CH1,macrophyte,no,0.2448,-16.32,2.234,-26.565,-15.3362462694099,-19.4,-38.627,-33.566,-32.096,,-31.372,-28.698,-28.269,0.01,0.0,0.002,0.315,0.041,18.0,10.02,1.63169104,4.17,15.62
3,CH2,macrophyte,no,-16.57,-15.54,3.211,-26.932,-14.9799933226143,-19.62,-42.345,-36.744,-33.728,,-37.066,-30.869,-30.148,0.032,0.0,0.005,0.365,0.042,17.2,9.85,1.62577344,4.278,16.18
3,URC1,phytoplankton,no,-5.799,-15.73,-2.526,-27.799,-27.0706811615663,,-49.875,-42.921,-38.667,,-36.622,-33.446,-34.815,0.061,0.001,0.002,0.286,0.032,19.9,7.17,1.07070256,3.33,19.3
3,URC2,phytoplankton,no,12.04,-16.02,-2.36,-27.713,-27.9451335976856,,-50.482,-48.866,-38.7,,-36.828,-33.529,-33.53,0.333,0.004,0.002,0.599,0.032,18.5,7.17,6.33736656,2.776,19.11
3,URC3,phytoplankton,no,7.646,-16.1,-1.431,-27.911,-26.822779921362,,-51.436,-48.246,-38.812,,-41.388,-33.521,-33.528,0.112,0.005,0.003,0.385,0.03,18.6,7.43,4.27094064,3.635,24.17
3,URT1,phytoplankton,yes,-107.2,116.3,240.7,-24.052,73.3711451780799,,-50.165,-49.885,-38.509,,-35.846,-32.808,-33.542,0.83,0.045,0.003,1.273,0.026,20.2,6.84,1.057192,2.722,22.71
3,URT2,phytoplankton,yes,-50.87,107.3,203.7,-22.014,7.1682319772865,,-49.088,-47.731,-37.983,,-35.459,-32.479,-33.122,0.618,0.032,0.002,0.957,0.024,22.5,6.41,1.7595112,3.492,15.81
3,URT3,phytoplankton,yes,-64.33,103.5,292.6,-18.431,-0.0799645742057657,,-46.943,-46.305,-38.516,,-35.904,-34.866,-33.281,0.53,0.023,0.002,0.895,0.018,21.2,6.7,1.07070256,4.113,25.03
4,TH1,macrophyte,yes,-32.46,47.1,134.7,-22.784,35.5987833978001,37.8156140167975,-44.054,-38.651,-34.478,-39.654,-29.844,-29.966,-30.155,0.03,0.007,0.007,0.419,0.038,22.5,7.23,1.07070256,8.701,16.7
4,TH2,macrophyte,yes,-41.09,44.89,179.8,-24.522,3.07824756274969,51.8354793204797,-27.883,-41.977,-32.617,,,-38.667,-27.332,0.027,0.007,0.01,0.371,0.038,22.6,6.86,0.381893919999999,4.728,13.25
4,TH3,macrophyte,yes,-42.5,2.817,139.6,-23.871,67.1870455330577,62.3394514485053,-43.742,-40.217,-34.257,,-31.872,-29.185,-30.041,0.028,0.012,0.005,0.413,0.035,20.5,7.87,0.381893919999999,5.813,9.712
4,CH1,macrophyte,no,-38.39,-11.41,3.346,-26.714,-13.4306912468473,-15.82,-38.521,-34.32,-35.93,-30.951,-31.064,-28.375,-28.955,0.019,0.001,0.006,0.263,0.032,19.5,7.23,1.63760864,4.01,16.97
4,CH2,macrophyte,no,-42.69,-13.59,4.975,-27.027,-17.1782808741112,-16.64,-40.344,-35.488,-33.103,,-31.843,-29.141,-29.522,0.023,0.002,0.011,0.295,0.04,17.5,6.5,3.00930832,5.036,18.32
4,URC1,phytoplankton,no,-43.85,-14.07,0.08455,-27.961,-11.1338795726221,,-52.98,-50.666,-39.927,-38.134,-37.331,-34.974,-34.057,0.023,0.002,0.003,0.328,0.03,18.5,6.33,0.50379648,3.81,20.56
4,URC2,phytoplankton,no,-44.53,-14.08,0.5842,-27.31,-26.9714708235555,,-50.055,-49.317,-39.549,-41.622,-38.164,-33.799,-34.114,0.176,0.007,0.002,0.448,0.029,18.1,8.08,3.69811696,2.793,22.63
4,URC3,phytoplankton,no,-43.94,-14.25,0.591,-27.539,-25.8597273882008,,-50.683,-48.657,-39.937,-44.435,,-33.769,-33.464,0.013,0.002,0.002,0.317,0.032,17.7,8.26,2.31458208,4.637,22.7
4,URT1,phytoplankton,yes,-130.6,110.9,204.6,-22.015,-25.3993637730354,,-50.448,-48.274,-38.804,-35.336,-37.956,-33.398,-33.528,0.904,0.05,0.002,1.251,0.02,21.4,5.72,0.381893919999999,3.637,25.2
4,URT2,phytoplankton,yes,-67.52,123.8,177.0,-20.391,24.2237506903641,,-53.866,-50.698,-39.073,-42.983,-40.608,-34.107,-33.37,0.506,0.026,0.002,0.972,0.019,21.5,6.52,1.07070256,4.903,25.58
4,URT3,phytoplankton,yes,-55.84,43.07,230.1,-15.497,-0.170393842094191,,-48.59,-43.794,-38.852,-36.988,-35.821,-33.091,-33.242,0.352,0.02,0.001,0.734,0.021,20.9,7.2,1.7595112,4.97,21.62
5,TH1,macrophyte,yes,-32.63,19.33,71.22,-23.711,45.8457053094657,40.5180640292304,-41.296,-35.918,-33.098,-38.29,,-28.592,-29.294,0.039,0.006,0.008,0.459,0.022,19.5,4.63,0.50379648,5.551,11.06
5,TH2,macrophyte,yes,-38.24,41.69,100.6,-23.7,-5.91498986823424,50.6415091717289,-42.091,-36.88,-32.846,-31.747,-32.49,-28.332,-29.044,0.046,0.006,0.008,0.462,0.024,22.4,5.61,0.9547176,5.322,14.75
5,TH3,macrophyte,yes,-40.58,-0.06233,53.02,-23.035,64.9029424332223,44.6177108861505,-43.773,-39.393,-34.445,-33.199,-32.885,-29.637,-30.11,0.035,0.005,0.003,0.467,0.015,19.5,6.79,0.381893919999999,6.207,9.207
5,CH1,macrophyte,no,-37.01,-10.28,-1.561,-26.491,-16.8760030606956,-20.13,-37.695,-32.247,-32.065,,-31.539,-28.284,-28.731,0.039,0.003,0.007,0.303,0.016,20.3,4.6,2.08852976,5.11,14.58
5,CH2,macrophyte,no,-38.58,-10.7,0.9235,-27.199,-18.8561144419314,-19.56,-39.829,-36.114,-33.888,-32.912,-32.127,-28.358,-29.45,0.035,0.002,0.013,0.314,0.024,20.1,4.53,0.50379648,3.86,9.505
5,URC1,phytoplankton,no,-85.78,-13.32,-3.229,-27.978,-26.2424973019878,,-49.028,-29.953,-38.228,-46.395,-44.166,-36.088,-33.252,0.033,0.004,0.003,0.258,0.015,21.8,5.45,0.50379648,2.933,15.79
5,URC2,phytoplankton,no,-123.6,-14.84,-3.065,-27.829,-26.806201764937,,-50.435,-46.649,-38.127,-43.092,-45.541,-33.595,-33.284,0.088,0.007,0.002,0.369,0.016,22.1,5.28,7.0202576,3.467,20.54
5,URC3,phytoplankton,no,-95.44,-13.19,-2.238,-27.536,-26.6417430066902,,-50.22,-46.151,-38.939,,-44.601,-33.659,-33.917,0.042,0.004,0.001,0.312,0.019,19.7,6.08,1.7595112,4.072,22.29
5,URT1,phytoplankton,yes,-152.5,92.38,136.8,-22.02,-4.73873257130723,,-49.496,-49.45,-39.051,-39.792,-38.221,-32.813,-33.908,0.852,0.041,0.002,1.211,0.012,18.9,6.7,0.50379648,3.695,19.95
5,URT2,phytoplankton,yes,-56.34,97.5,121.2,-22.675,11.4085998821169,,-42.075,-46.803,-37.594,-36.229,-36.49,-31.487,-32.28,0.403,0.024,0.002,0.791,0.014,18.3,8.07,1.19260512,4.521,19.39
5,URT3,phytoplankton,yes,-84.22,81.81,166.2,-15.802,16.1436909563485,,-52.078,-48.153,-39.169,-36.364,-35.938,-33.853,-32.884,0.189,0.017,0.001,0.529,0.021,18.2,7.68,2.32641728,5.178,22.54
6,TH1,macrophyte,yes,-28.77,10.21,21.13,-24.115,10.0425535168546,43.0242919681905,-41.032,-32.637,-32.711,-31.927,,-28.877,-28.698,0.06,0.005,0.016,0.5156,0.0186666666666667,19.3,6.15,1.07070256,5.697,21.04
6,TH2,macrophyte,yes,-35.17,4.011,67.21,-23.663,,63.9018649195018,-43.388,-37.381,-33.822,,-30.998,-30.02,-28.661,0.097,0.006,0.019,0.4866,0.0216666666666667,21.6,5.92,0.375976319999999,5.449,23.37
6,TH3,macrophyte,yes,-34.33,-9.464,31.87,-23.413,11.3250185318516,48.7321019617674,-40.622,-38.21,-33.459,-34.186,-31.74,-28.079,-29.085,0.084,0.007,0.014,0.4976,0.0296666666666667,19.6,5.24,1.07070256,5.485,16.33
6,CH1,macrophyte,no,-37.22,-9.767,-5.927,-27.334,-15.2922185619107,-25.16,-35.344,-31.45,-33.12,-32.284,-30.428,-26.787,-27.059,0.051,0.002,0.014,0.3326,0.0236666666666667,21.3,6.13,1.07070256,3.142,13.38
6,CH2,macrophyte,no,-37.89,-9.51,-6.165,-27.025,-24.1966146877491,-24.63,-38.744,-32.528,-32.727,-31.535,-32.015,-28.009,-28.246,0.063,0.002,0.02,0.3336,0.0286666666666667,19.2,6.52,2.20451472,3.589,16.74
6,URC1,phytoplankton,no,-59.23,-12.08,-6.407,-27.906,-24.6233010845077,,-48.699,-48.521,-37.738,-38.32,-38.802,-33.613,-33.712,0.06,0.002,0.011,0.3156,0.0216666666666667,21.0,4.81,1.88733136,2.502,23.55
6,URC2,phytoplankton,no,-59.16,-12.36,-6.518,-27.861,-29.5783700495859,,-47.42,-46.303,-38.421,-36.416,-37.159,-35.781,-36.16,0.096,0.002,0.009,0.3306,0.0186666666666667,21.9,5.7,6.2095464,2.586,19.09
6,URC3,phytoplankton,no,-61.76,-11.46,-6.07,-27.566,-26.5791861453001,,-47.71,-47.384,-39.422,,-37.052,-34.239,-32.808,0.069,0.002,0.008,0.4136,0.0136666666666667,19.9,5.7,1.7595112,3.155,20.94
6,URT1,phytoplankton,yes,-120.8,59.25,81.34,-21.64,-13.3326573636524,,-48.699,-48.521,-37.738,,-36.826,-32.925,-33.575,0.976,0.025,0.008,1.2426,0.0146666666666667,18.3,4.91,1.07070256,3.436,32.52
6,URT2,phytoplankton,yes,-63.63,45.89,59.06,-20.83,-0.2474759784331,,-47.42,-46.303,-38.421,,-37.332,-32.524,-33.378,0.466,0.016,0.009,0.8036,0.0166666666666667,18.4,7.04,1.06478496,3.337,22.46
6,URT3,phytoplankton,yes,-88.58,46.23,69.1,-15.056,-12.1712441678692,,-47.71,-47.384,-37.65,,-36.802,-31.834,-32.708,0.217,0.012,0.009,0.6356,0.0216666666666667,17.8,6.97,2.33233488,3.877,20.16
